{"__symbolic":"module","version":1,"metadata":{"HomePage":{"__symbolic":"class","decorators":[{"__symbolic":"call","expression":{"__symbolic":"reference","module":"@angular/core","name":"Component"},"arguments":[{"selector":"page-home","templateUrl":"home.html"}]}],"members":{"el":[{"__symbolic":"property","decorators":[{"__symbolic":"call","expression":{"__symbolic":"reference","module":"@angular/core","name":"ViewChild"},"arguments":["home"]}]}],"__ctor__":[{"__symbolic":"constructor","parameters":[{"__symbolic":"reference","module":"ionic-angular","name":"NavController"}]}],"ngAfterViewInit":[{"__symbolic":"method"}],"move":[{"__symbolic":"method"}],"changeSlices":[{"__symbolic":"method"}],"saveImg":[{"__symbolic":"method"}],"pickImg":[{"__symbolic":"method"}]}}}}