{"__symbolic":"module","version":1,"metadata":{"HomePage":{"__symbolic":"class","decorators":[{"__symbolic":"call","expression":{"__symbolic":"reference","module":"@angular/core","name":"Component"},"arguments":[{"selector":"page-home","templateUrl":"home.html"}]}],"members":{"__ctor__":[{"__symbolic":"constructor","parameters":[{"__symbolic":"reference","module":"ionic-angular","name":"NavController"}]}],"buildBoard":[{"__symbolic":"method"}],"shuffle":[{"__symbolic":"method"}],"pMoves":[{"__symbolic":"method"}],"setB":[{"__symbolic":"method"}],"move":[{"__symbolic":"method"}],"check":[{"__symbolic":"method"}],"solve":[{"__symbolic":"method"}]}}}}