{"__symbolic":"module","version":1,"metadata":{"AppModule":{"__symbolic":"class","decorators":[{"__symbolic":"call","expression":{"__symbolic":"reference","module":"@angular/core","name":"NgModule"},"arguments":[{"declarations":[{"__symbolic":"reference","module":"./app.component","name":"MyApp"},{"__symbolic":"reference","module":"../pages/home/home","name":"HomePage"}],"imports":[{"__symbolic":"call","expression":{"__symbolic":"select","expression":{"__symbolic":"reference","module":"ionic-angular","name":"IonicModule"},"member":"forRoot"},"arguments":[{"__symbolic":"reference","module":"./app.component","name":"MyApp"}]}],"bootstrap":[{"__symbolic":"reference","module":"ionic-angular","name":"IonicApp"}],"entryComponents":[{"__symbolic":"reference","module":"./app.component","name":"MyApp"},{"__symbolic":"reference","module":"../pages/home/home","name":"HomePage"}],"providers":[{"provide":{"__symbolic":"reference","module":"@angular/core","name":"ErrorHandler"},"useClass":{"__symbolic":"reference","module":"ionic-angular","name":"IonicErrorHandler"}}]}]}]}}}