{"__symbolic":"module","version":1,"metadata":{"HomePage":{"__symbolic":"class","decorators":[{"__symbolic":"call","expression":{"__symbolic":"reference","module":"@angular/core","name":"Component"},"arguments":[{"selector":"page-home","templateUrl":"home.html"}]}],"members":{"__ctor__":[{"__symbolic":"constructor","parameters":[{"__symbolic":"reference","module":"ionic-angular","name":"NavController"}]}],"loadDice":[{"__symbolic":"method"}],"play":[{"__symbolic":"method"}],"roll":[{"__symbolic":"method"}],"check":[{"__symbolic":"method"}]}}}}